[
    { "name": "Mission terminée", "author": "Mongo Beti", "price": "2000 XAF" },
    { "name": "Une vie de boy", "author": "Ferdinand Oyono", "price": "2500 XAF" },
    { "name": "Le vieux nègre et la médaille", "author": "Ferdinand Oyono", "price": "1800 XAF" },
    { "name": "Temps de chien", "author": "Patrice Nganang", "price": "2200 XAF" },
    { "name": "Les chauves-souris", "author": "Ousmane Sembène", "price": "2000 XAF" },
    { "name": "Les deux mères de Guillaume Ismael Dzewatama", "author": "Jean Ikellé Matiba", "price": "2300 XAF" },
    { "name": "Chocolat", "author": "Claire Denis", "price": "2400 XAF" },
    { "name": "Je suis noir et je n’aime pas le manioc", "author": "Gastón-Paul Effa", "price": "2100 XAF" },
    { "name": "Le pagne noir", "author": "Bernard Nanga", "price": "2000 XAF" },
    { "name": "Ville cruelle", "author": "Mongo Beti", "price": "2500 XAF" }
]
